<?xml version="1.0" encoding="UTF-8"?>
<root>
  <item name="com.truizlop.sectionedrecyclerview.HeaderViewHolder HeaderViewHolder(android.view.View, int) 1">
    <annotation name="android.support.annotation.IdRes" />
  </item>
  <item name="com.truizlop.sectionedrecyclerview.SimpleSectionedAdapter int getLayoutResource()">
    <annotation name="android.support.annotation.LayoutRes" />
  </item>
  <item name="com.truizlop.sectionedrecyclerview.SimpleSectionedAdapter int getTitleTextID()">
    <annotation name="android.support.annotation.IdRes" />
  </item>
</root>

